{
  "chronos": {
    "n": 107,
    "method": {
      "F": 460.1944012972631,
      "p": 2.007445642438391e-52,
      "sum_sq": 67.27652887441266,
      "df": 5.0,
      "eta_squared": 0.020093358418374174
    },
    "domain": {
      "F": 28801.036405804163,
      "p": 1.1217610663467838e-127,
      "sum_sq": 2526.2807438413106,
      "df": 3.0,
      "eta_squared": 0.7545196712838513
    },
    "interaction": {
      "F": 1714.9984356479524,
      "p": 7.530893478942445e-98,
      "sum_sq": 752.1547944750814,
      "df": 15.0,
      "eta_squared": 0.22464470335113312
    }
  },
  "moirai": {
    "n": 108,
    "method": {
      "F": 10123.791163329977,
      "p": 6.089297799091702e-113,
      "sum_sq": 827.3061254915947,
      "df": 5.0,
      "eta_squared": 0.07248870040376122
    },
    "domain": {
      "F": 167585.1762422762,
      "p": 3.630225132362208e-160,
      "sum_sq": 8216.936162157253,
      "df": 3.0,
      "eta_squared": 0.7199693140692215
    },
    "interaction": {
      "F": 9656.12295201508,
      "p": 1.0963742526855992e-129,
      "sum_sq": 2367.266235885413,
      "df": 15.0,
      "eta_squared": 0.2074202615713386
    }
  },
  "moment": {
    "n": 120,
    "method": {
      "F": 178.70367280878253,
      "p": 5.230945006204176e-47,
      "sum_sq": 1.9104891062588247,
      "df": 5.0,
      "eta_squared": 0.000390912681715823
    },
    "domain": {
      "F": 761275.8912584767,
      "p": 6.741232919553156e-210,
      "sum_sq": 4883.198898759239,
      "df": 3.0,
      "eta_squared": 0.999170511159731
    },
    "interaction": {
      "F": 60.43092670533554,
      "p": 4.854577033779103e-42,
      "sum_sq": 1.9381687908877998,
      "df": 15.0,
      "eta_squared": 0.0003965763307321472
    }
  }
}